movieId,actorId,character
0000009,0183823,Mr. Hamilton
0000009,1309758,Chauncey Depew - the Director of the New York Central Railroad
0000335,1012612,
0000335,1011210,
0000335,1012621,
0000335,0675239,Lion
0000335,0675260,Lion
0000502,0215752,
0000502,0252720,
0000574,0846894,School Master
0000574,3002376,Steve Hart
0000615,3071427,Warrigal
0000615,0581353,Warder
0000615,0888988,Inspector of Police
0000615,0240418,Trooper
0000615,0346387,Curate
0000676,0097421,
0000676,0140054,
0000679,0000875,The Wizard of Oz Man
0000679,0122665,His Majesty the ScarecrowPara Bruin - the Rubber Bear
0000679,0933446,Nick Chopper - Tin WoodmanThe White Rabbit
0000679,2924919,Tik-Tok - the Machine Man
0000862,5289318,Doktor
0000862,5289829,Charles
0000862,0386036,Fader Loriot
0000862,0511080,Blegnæb
0000862,5188470,Vært
0000886,0609814,Hamlet
0000941,0034453,
0000941,0140054,
0000941,0243918,
0000947,0488932,
0001049,0104856,Tam
0001049,0251436,
0001049,0526190,Gøngehøvdingen
0001049,5188470,Ib
0001049,5217890,Mogens Krabbe
0001101,0923594,
0001112,0135493,Hamlet
0001115,0064953,Chief of Police
0001115,0085066,Pariserdrengen
0001115,0169878,Svi-Svi
0001115,0299757,Røret
0001115,1834296,
0001115,0539049,
0001115,0627140,
0001116,0064953,
0001116,0085066,
0001116,0169878,
0001116,0299757,
0001116,0306604,
0001116,0539049,
0001116,0627140,
0001122,0167461,
0001122,0756543,
0001122,0941542,
0001159,0597995,
0001175,0854414,Armand Duval
0001175,0135053,Sadoul
0001175,0363465,
0001184,0735618,
0001230,0002503,
0001240,1266474,
0001240,0627274,Hamlet
0001240,0381005,Claudius
0001240,1267460,Laertes
0001240,1266292,Horatio
0001240,0742120,
0001258,2528881,
0001258,1458507,
0001258,1459190,Annas Dad
0001277,0169878,Salomon Baadsmand
0001277,0299757,Landsforræder
0001277,0772788,Kapergasten
0001285,0366742,Moses
0001285,0401967,
0001285,0448682,
0001341,1024681,Tobiás
0001341,0782422,Oskar
0001341,0952034,Forester
0001341,0468351,Landlord
0001358,5227562,Ole Vandhund
0001358,1159832,
0001358,0234670,
0001370,0764002,D. Pedro I
0001370,0105501,D. Afonso IV
0001381,0927690,Recruit
0001381,2547818,
0001381,0511155,
0001381,1261170,
0001381,5223669,Farmer
0001381,0835591,Captain
0001422,0001908,
0001440,0539049,Graf Otto
0001440,0064953,
0001440,0085066,Bödvar
0001440,0169878,Westhard
0001440,0299757,Valdemar Sejr
0001475,1616439,
0001475,1617025,
0001475,1714653,
0001498,0095809,Lord Nelson
0001498,0697944,Lieutenant Prescott
0001498,0330280,Captain Hardy
0001498,0644728,The Ships Surgeon
0001498,1372000,Undetermined Role
0001521,0227602,Johan - Bridegroom
0001530,0738202,Edgar DalmoreCaptain Midnight
0001530,0519315,
0001531,0627427,
0001531,0738202,Captain Starlight
0001531,0909492,
0001592,0927690,Edgar their son
0001592,0647719,Laege
0001592,0740463,Geheimraaden
0001602,0728158,
0001602,0216941,
0001602,0260771,
0001602,0328322,
0001603,5239890,Gram
0001603,0227602,Erik
0001603,0511223,Peter
0001603,0512539,S. Petersen
0001603,0583207,Johannes von Falck
0001604,0030667,Frankie
0001604,0181848,Toto
0001604,0254852,Constable OReilly
0001604,0328760,
0001604,0376556,Reverend Dr Lanceford
0001630,0585785,Sir John Wolton
0001630,0707778,Mr. Herbert Bruce
0001630,0166547,Max
0001630,0473134,
0001706,0001908,Broncho Billy
0001706,0138771,
0001706,0865178,
0001706,0693055,
0001706,0639631,
0001706,0533615,
0001711,0009872,
0001711,0002161,
0001731,0519315,Gabbett
0001756,0034454,
0001756,0034548,
0001756,0679170,
0001790,0470307,Jean Valjean
0001790,0959921,Javert
0001812,0294276,Oedipus
0001826,0511729,
0001826,0002001,
0001889,0159725,Ravaud blind organist
0001889,0483943,Ali Baba
0001889,2542283,
0001889,0772797,
0001892,0699637,Grev Johan Waldberg
0001892,0375839,Hofjuveler A. Hirsch
0001892,0016799,
0001892,0282348,
0001911,0627427,King Charles II
0001911,0492661,Lord Jeffries
0001911,0167411,Lord Rochester
0001914,0917744,Junger Maler Marten
0001914,0016799,Vater Meyer
0001914,0783027,Maler Prof. Harlow
0001914,0937377,Hans Braun
0001964,0932878,
0001964,0643138,Marquis de Bougival
0001964,0883519,Lieutenant von Mallwitz
0001964,0016799,Vujrat leader of the partisans
0001964,0666749,
0002022,0538779,
0002022,0789401,
0002026,0115982,Annys far
0002026,0027708,Willmann grossereren
0002026,0959066,Grossererens sønn
0002026,0064944,Snapp bankkasserer
0002031,0007221,Orlando
0002060,0126594,
0002060,0434130,
0002088,1553125,
0002101,0906610,Venditius - a Roman Soldier
0002101,1950505,Antony - a Triumvir and General
0002101,0397513,Pharon - a Greek Slave and Fisherman
0002119,0898366,
0002130,0660139,Dante Alighieri
0002130,0685283,Virgilio
0002130,0209738,Farinata degli UbertiPier delle VigneIl conte Ugolino
0002130,3942815,Il conte Ugolino
0002140,0898366,
0002152,0624652,
0002153,0699637,Grev Willy von Rosenörn
0002153,0159779,Sagfører
0002153,0381005,Cirkusdirektør Winge
0002153,0414716,Gamle John - tjener hos greven
0002153,1266474,Cirkusrytter
0002153,0647719,Værtshusgæst
0002156,0684029,
0002157,0488932,Boss Huller
0002157,0775568,Artinelli
0002163,0509573,Graf Elimar
0002163,0549989,Johannes Hartwig
0002186,0517327,Cirkusgæst
0002186,0653174,Borgmester Strøm
0002186,0421656,Laurento Linedanser
0002199,0446092,Herod
0002199,0087381,Jesus - the Man
0002199,0245769,Jesus as a Youth
0002199,0605017,Pilate
0002199,0014707,John the Baptist
0002199,0897085,Judas
0002211,0699637,Lieutenant Victor
0002211,0116796,Col. Tillier
0002211,1531372,
0002211,2529677,Rafn
0002211,0491498,
0002211,2528881,
0002262,0869559,
0002281,0285643,Colonel James Bryson
0002281,0583645,Lieutenant White
0002281,0794405,The Sioux Chief
0002281,0010134,Telegrapher
0002328,0294276,King Midas
0002329,3501535,Dezsõ gróf
0002329,0813922,Mel gróf
0002329,3524487,Az öreg gróf
0002329,2099703,Kázmér herceg
0002333,0121549,Wilder Christoph
0002333,1495193,Der Dorfpfarrer
0002333,1493129,Leutnant a.D. Huber
0002333,0016799,
0002337,0124279,Bob Strong
0002337,0913341,John White
0002348,0216031,Vater von Elinor
0002361,0058020,Rev. A. Cette
0002361,0198549,Capt. Rudolph von Scarsbruck
0002361,0328760,Father Gerard
0002361,0377987,Maj. Donelli
0002361,0397639,Cpl. Otto
0002375,0135053,
0002375,0503415,
0002375,0578805,
0002375,0959921,
0002395,0304098,
0002395,0869559,
0002405,0514281,Mr. Brownlow
0002405,0329522,Fagin
0002405,0736778,Artful Dodger
0002405,0553290,Bill Sykes
0002405,0571760,Monks
0002405,0713815,Bates
0002406,1361626,Artful Dodger
0002406,0573033,Fagin
0002406,0747454,Bill Sykes
0002406,1360649,Mr. Brownlow
0002410,0294276,Dennis
0002423,0417837,König Louis XV
0002423,0509573,Armand De Foix
0002423,0903235,Graf Jean Dubarry
0002445,0637019,Vinicius
0002445,0784988,Petronius
0002445,0146335,Nero
0002446,0069295,
0002452,0218404,Carol I
0002452,0636620,Osman Pasa
0002452,1995281,Tarul Alexandru II
0002461,0312600,King Edward IV
0002461,0911963,Richard Duke of Gloucester afterward Richard III
0002461,0306817,Prince Edward of Lancaster
0002461,0443857,Earl of Richmond
0002467,0294276,
0002474,1824687,
0002474,0781361,
0002474,2727220,
0002474,1059690,
0002474,2725710,
0002483,0516974,
0002483,0169088,
0002483,0358164,
0002483,0792727,
0002483,0822801,
0002483,0583645,The Sergeants Boy
0002491,0898366,
0002514,0803705,Lieutenant von Mühlen
0002514,0252476,
0002514,9324389,Lola lindanserska
0002514,0634865,
0002525,0328760,Burglar
0002525,0198549,Member of Dans gang
0002525,0282367,Bushman
0002540,0091386,
0002540,0159779,
0002540,0381005,
0002540,0699637,Cecil Brown
0002555,0638929,Vér Tóni színész
0002555,0862278,Gál Sándor ügyvéd
0002555,0091058,Schrõder Gusztáv gazdag magánzó
0002555,2365973,István
0002556,0414716,Servant
0002556,0082349,
0002556,0091386,
0002556,0159779,
0002556,0227602,Oscar Borch
0002559,0282348,
0002572,0917744,Hardner
0002572,0664342,Willi von Warden
0002572,0016799,
0002588,0449136,
0002588,0037124,Zigomar
0002588,1979952,Nick Carter
0002588,0508592,Paulin Broquet
0002588,0346808,
0002590,0082178,Architekt Ernstein
0002590,0016799,
0002590,0917744,
0002591,0509573,
0002594,0033732,Monaro Jack stockman
0002594,0377987,Colonel Delmont
0002594,0661995,Eric Delmont
0002594,0445274,Captain Frank Hollis
0002594,0898366,Gidgee Dan
0002594,0057491,Snowy boundary rider
0002594,0912686,Ah Lum cook
0002595,0082178,
0002595,0783027,
0002605,0764346,John Bruce
0002605,0165134,Prince Umballah The Hindu
0002605,0139356,Ramabai
0002605,0571186,Col. Hare
0002625,0679170,
0002625,0140054,
0002625,0243918,
0002625,0482894,
0002628,0060168,Dr. Hallers
0002628,0361518,Arnoldy
0002637,0110838,Henry Canby
0002637,0778996,Lt. Denton
0002637,0174720,Capt. Hodgman
0002637,0138272,Col. Bonham
0002637,0086816,Dr. Fenlon
0002642,0499674,Beloff
0002642,0159780,Jens Larsen fisherman
0002642,5235064,Mikkel
0002646,0299761,Dr. Friedrich Kammacher
0002646,0491498,Dr. Schmidt
0002648,0239982,Smirnoff
0002648,0596218,Ole Brandis junger Maler
0002648,0477996,Coppilander Antiquitätenhändler
0002648,0917467,
0002648,0016799,Dr. Petersen Kunstgelehrter
0002649,0366585,Aviator
0002649,0642621,
0002649,0680399,Evans
0002669,0533102,Undetermined Leading Role
0002669,0249400,Abraham Lincoln
0002669,0454870,Jack Lamar - the Confederate Brother
0002670,0862751,Gen. Joseph Johnston
0002670,0408429,Frank Carey
0002670,0238338,Tom Winston
0002670,0428013,Capt. Cook
0002670,0806960,Gen. Ulysses S. Grant
0002676,3844136,
0002678,0505354,Ben Bolt
0002678,0292407,Rolling Stone
0002678,0642190,John Lee
0002678,0122697,
0002679,0135421,Cassio
0002679,0723236,
0002685,0252476,
0002685,0526234,Lander
0002685,0803705,Daniel Barkner
0002725,0337033,
0002727,0375839,
0002727,0669895,
0002727,0234670,
0002735,0746008,
0002735,0037124,
0002739,0352120,
0002739,0746342,
0002743,0069354,
0002743,0282725,
0002743,0303023,
0002743,0535118,
0002746,0743885,Edward Checkers Campbell
0002746,0716415,Push Miller
0002767,0642189,Edmond DantesCount of Monte Cristo
0002767,0534259,Danglars
0002771,0558236,
0002772,0392059,Bob Darrell
0002772,0420292,Jim Jepson
0002772,0871374,Doc Burns
0002772,0394182,John Horton
0002772,0780061,The Worm
0002785,0299674,
0002785,1979952,
0002785,0746008,
0002798,0299674,
0002798,1979952,
0002798,0746008,
0002801,0226387,Luc Ogier
0002801,0188632,Santher
0002801,0216535,
0002801,0405680,
0002820,0666835,Archibald Carlyle
0002820,0604658,Captain Levison
0002822,1889693,Robert Travers
0002822,0377832,Boss John Kelly
0002823,0491134,
0002823,0519765,
0002823,0585785,
0002832,0137403,Gabriel
0002832,0838052,Father Felician
0002832,0607074,Basil
0002832,0360373,Benedict
0002833,0585785,Oberst a.D. von Wentheim
0002833,2828208,Addison - Ingenieur
0002833,0170183,
0002833,0239982,Willy Körner
0002833,1892090,Frau von Wentheim
0002833,0477996,Vater Worpitzky
0002844,0622772,FantômasGurn
0002844,0107631,Inspector Juve
0002844,0577476,Jérôme Fandor journaliste à La Capitale
0002859,0319498,Detective Delaney
0002859,0440059,Darwin Russell
0002859,0505354,Sorenti
0002859,0668116,
0002859,0642190,
0002885,0755331,
0002885,0191890,Dan
0002885,0201679,Dans lawyer
0002885,7424995,
0002885,7424999,
0002885,0516166,
0002888,0674398,Fulano de Tal
0002888,0535522,Fotografo
0002888,0957985,
0002889,0243614,Capitaine Hurtulet
0002889,0746008,Le général
0002889,0332182,Ladjudant Flick
0002889,0217606,
0002889,0299674,
0002889,1979952,
0002898,0617787,Maheu
0002898,0415241,Chaval
0002898,0470307,Etienne Lautier
0002901,0604679,Henry Searelle
0002901,1919060,
0002901,1922846,
0002901,3664514,Mose
0002916,0017629,Baron von Bärfeld
0002916,1945570,Hermann de Bernouilly
0002916,0956272,Bankier Hausmann
0002917,0253307,Farmhand
0002917,0096783,Sumi
0002917,0251622,Ivan
0002917,0252476,Alexei Potowski
0002922,0722502,The Ghost
0002922,0727615,Claudius
0002922,0285425,Hamlet
0002922,0177548,Horatio
0002922,0055630,Polonius
0002922,0779936,Laertes
0002975,0133684,Mehmed Pacha
0002975,0350759,Le marquis de Sévigné
0002975,0498833,Le prince Cernuwitz
0002975,0869559,Sir Falkland
0002975,0906197,
0002978,0057482,Jack Yeulett
0002978,0330280,Tom the Romany
0002987,0789401,Lev Tolstoy
0002987,0848483,Turgenev
0002996,0617242,Zsemle István budai füszeres
0002996,0844227,Jávorka kishivatalnok
0003002,1267460,
0003002,0079813,
0003002,5087284,
0003002,0159886,
0003006,0608971,The Bishop
0003006,0908390,Tom Dorgan
0003006,0676473,Obermuller
0003008,0392059,Stewart Warner
0003008,0728289,Rev. Mr. Milton
0003008,0394182,Marys Fiance
0003014,0526234,Doctor
0003014,0511806,Sven Holm - Older Eric Holm
0003014,0511903,Employee in Shop
0003014,0344981,Poorhouse Superintendant
0003014,0489296,Police Officer
0003015,0441259,
0003015,0203452,
0003015,0225905,Gutmuetige VaterMeergott
0003015,0389364,Vertraeumter Juengling
0003022,0007215,Wilfred of Ivanhoe
0003022,0107543,Isaac of York
0003037,0622772,FantômasDr ChaleckLe Loupart
0003037,0107631,Inspector Juve
0003037,0577476,Jérôme Fandor journaliste
0003039,5791890,Jan
0003039,0306723,Manjas Uncle
0003039,0789401,Crazy jewish Steinbachs uncle
0003039,0901502,Harald a poet
0003042,1845377,The Boy
0003048,0683363,Earl of Dunstandwolde
0003048,0676473,The Duke of Osmonde
0003048,0485880,Sir Jeoffrey Wildairs
0003048,0163540,Sir John Oxen
0003051,0082178,
0003051,0324501,Landstreicher
0003051,0459029,Moerder
0003056,0828001,General Berton
0003056,0676473,Paul Sylvain
0003056,0163540,Kleschna
0003056,0300561,Schram
0003056,0186345,Raoul Berton
0003058,0190516,Sir Henry
0003069,5231865,
0003069,0159725,Store Klaus
0003069,0539047,Lille Klaus
0003069,0539049,Degnen
0003069,0627140,Bonden
0003069,0676941,Kusk
0003070,0404222,
0003070,0516974,Jack
0003070,0653253,
0003070,0338906,The Old Grandfather
0003070,1346516,
0003076,0014363,Charles von Barton
0003076,0477708,Carsten Berner
0003076,0526234,Berchtold
0003100,0558236,
0003102,0094801,Prince Maximilien of Wallenstein
0003102,0743102,Moise Sthar
0003102,0744105,Col. Julius Holbein
0003102,0135493,Granduke of Wallenstein
0003108,0099754,Macbeth
0003113,0127915,
0003113,0148546,
0003113,0699710,
0003113,0900293,
0003116,0179163,Gentleman Jim
0003131,0042694,
0003131,0046403,Adolphe Hardeff
0003131,0188632,Monsieur Modzel
0003131,0324776,Lieutenant Maxime
0003131,0376816,Sigismond Modzel
0003139,0276165,
0003150,0096783,
0003150,0252476,Father Prevost
0003150,0353770,Jean Chamberlain
0003150,0526275,
0003159,0959921,Javert
0003159,0470307,Jean Valjean
0003165,0622772,Fantômasle banquier Nanteuil
0003165,0107631,Inspector Juve
0003165,0577476,Jérôme Fandor
0003165,0525283,Jacques Dollon
0003167,0014894,James Smith - Marys Father
0003167,0910400,John Howard Payne
0003171,0190516,Undetermined Name villain
0003171,0751510,Prince Zouroff
0003171,0071132,Correyee
0003227,0252472,The rich young man
0003230,0176699,
0003241,0949546,
0003287,0181848,
0003289,0676473,Kates Father
0003289,0908390,Fuller
0003289,0485880,Fornton
0003289,0163540,Capt. Giles
0003298,0301252,Sardi - Son of a Cobbler
0003298,0007221,Seyn - the Cobbler
0003298,0401967,The Caliph
0003299,0754823,Akbar
0003299,0440059,The Rajah
0003299,0292407,The Miser
0003301,0352461,Rudolf RassendyllKing Rudolf of Ruritania
0003301,0868456,Michael Duke of Strelsau
0003301,0167577,Colonel Sapt
0003305,0746008,
0003305,2286670,
0003306,0489296,Green
0003306,0074077,Arthur Renskiöld
0003306,0075148,Sailor
0003306,0253307,Sailor
0003309,0753583,John Bull hipnotizõr
0003309,0223460,Mihunka cirkuszigazgató
0003309,0862278,Kertay kovácsmester
0003309,9892419,
0003316,1415907,Inezs Father
0003316,0276165,Tony
0003316,0194307,Jones
0003316,1174665,John (Jack) Gordon
0003324,0249871,Conrad Meetzer
0003324,0237713,Ira Wilton
0003324,0604384,Harry Bennett
0003324,0511100,Jack Brent
0003330,0005959,Richard Wagner
0003330,0624601,Ludwig II.
0003334,2297223,George Wyndham
0003334,0768673,Jack Probyn
0003334,0531952,Lord Layton
0003334,0348701,Dick Hinton
0003337,0102718,The Baron
0003337,0751510,Robin Hood
0003337,0071132,Alan-a-Dale
0003337,0227022,Sheriff of Nottingham
0003337,0714717,Friar Tuck
0003337,0860035,Hardfast
0003351,0401470,Jean
0003351,0129661,Joseph
0003351,0425592,
0003362,0098376,Wolf Larsen
0003362,0712660,Humphrey Van Weyden
0003362,0370746,Mugridge
0003362,0755331,Johnson
0003362,0712870,Minor Role
0003362,0124877,Sailor
0003365,0292407,Dr. Chevrele
0003365,0505354,Mr. Dupont
0003365,0779355,
0003365,0668116,
0003367,0901502,
0003376,0392637,
0003376,0212098,
0003376,0318560,
0003376,0159654,
0003376,0231657,Silvias vaderpriesterSilvias father
0003379,0666835,Archbishop of Canterbury
0003379,0871314,Prince Albert
0003386,0002154,
0003387,0746008,
0003387,2937708,Mafflu
0003390,0718290,Child
0003390,0166547,Lysander
0003390,0239982,
0003394,0159780,Oles far Robert skorstensfejer
0003394,0169878,Skolerytter
0003394,1437421,Mortensen kommis
0003394,0826661,Skorstensfejerdrengen Ole
0003394,0835591,Oles bedstefar
0003404,0048502,
0003404,0292407,Captain Kenneth
0003404,0736714,Hindu Servant
0003404,0505354,Richard Dare
0003404,0257617,Carrick
0003404,0642190,
0003404,0121391,
0003404,0101954,
0003406,0549989,
0003414,0330280,Simmonet later known as Jagon
0003414,0110838,Lorenz
0003419,0917467,Balduin a Student
0003419,0332024,Scapinelli an Old Sorcerer
0003423,0488932,Theo Graf von Dahlenberg
0003423,0509449,Edgar von Schmetting
0003438,0891238,Joe Morgan
0003438,0492993,Simon Slade
0003438,0716415,Judge Hammonds son
0003441,0461387,
0003441,0610620,Devil
0003441,0869645,
0003442,0094022,Angel Clare
0003442,0868456,Alec DUrberville
0003442,0827385,John Durbeyfield
0003442,0330280,Crick
0003449,0068213,Howard Jeffries Jr.
0003449,0241867,Howard Jeffries Sr.
0003449,0926516,Robert Underwood
0003456,0928108,
0003464,0081736,
0003464,0614069,
0003469,0121391,
0003471,0877941,The Invalid Inventor - Marys Father
0003471,0601596,Officer Burke - Officer 4434
0003489,0824971,Glaucus
0003489,0342541,Arbace
0003493,0435229,
0003502,1865135,Hausknecht
0003502,0458837,Mestre Mangiabene
0003502,0002154,Anselmus Aselmeyer
0003502,0559305,Pipistrello
0003504,0917467,
0003507,0747454,Richard Thornhill
0003507,0118537,Dr Charles Primrose
0003507,0318306,Sir William Thornhill
0003508,0401405,Lieutenant Ward
0003508,0695466,General De La Monte
0003508,0571960,Minister Gordon
0003540,7116917,Doras Little Boy
0003540,0616729,Paul Girard Jr.
0003540,0606887,Richard
0003540,0567245,Paul Girard Sr.
0003545,0933045,Captain Justin Bradford
0003545,0875983,Duke Leonardo de Ferrara
0003545,0064600,
0003545,0531584,
0003545,0789748,
0003545,0905629,
0003565,0491134,Alter Graf
0003565,0432721,Jean Coletti
0003565,0670271,Anton
0003565,0830724,Graf Edgar
0003584,7650738,James Long
0003584,0924834,John Walton
0003584,0838165,Joseph Fennell
0003584,0766705,William Kendall
0003584,0227919,Edward Jackson
0003584,3988875,Frank Tyler
0003584,0146957,Arthur Borden
0003589,0613115,Otto Bergmann
0003589,0024706,Secret Agent
0003589,0642148,Spy
0003589,0347532,William Bergmann
0003589,0318149,Porter
0003590,0844447,A biciklizõ boy
0003590,0061392,Bálint gróf Sárkányvár ifjú ura
0003590,0190791,Lõrincz gróf Bálint gróf riválisa
0003590,0221765,Tamás mester a felcser
0003590,0029166,A vasárnapi lovas
0003590,0261981,A konfliskocsis
0003595,0385714,
0003595,0587646,
0003595,0913094,Undetermined Secondary Role
0003596,0177330,Mr. Cambridge
0003596,0098089,Daddy - the Office Boy
0003596,0644728,James Malone
0003596,0922392,
0003596,0163906,
0003596,0624752,High Officer of the Secret Society Ch. 5
0003597,0081288,
0003597,0585785,
0003597,0783027,
0003597,0823150,
0003599,0168621,
0003600,0394182,Bob Caldecott
0003600,0582212,Count Pulaski
0003602,0190516,Lord Trevor
0003605,0445408,John Dale
0003605,0891238,Gerald Tate
0003605,0164614,Mr. Tate - the Father
0003605,0492993,Mr. Seward
0003606,0601698,Allan Buchannan
0003608,0140054,
0003608,0202768,
0003608,0301787,
0003608,0422930,
0003609,1990343,Anton
0003609,0270415,Graf Erwin
0003609,0561587,
0003613,0822058,
0003617,0791746,
0003617,0900812,
0003617,0934300,
0003619,0889772,
0003622,0602404,
0003623,0017144,
0003623,0679170,
0003625,0476936,Stiva Oblonsky
0003625,0789401,Karenin
0003625,0848483,Vronsky
0003625,0643442,Levin
0003630,0638929,Jack
0003631,0694362,Jefferson Stockton
0003631,0393818,Prince Emil von Haldenwald
0003631,0741830,Stuyvesant Lawrence
0003632,0417837,
0003632,0519765,
0003634,0608971,Rev. H. Brice
0003634,0279227,Frank St. John
0003634,0533764,Rev. John St. John
0003634,0385686,Luther Ludlam
0003634,0607864,Steven Stetson
0003637,0784988,Michele Boccadifuoco
0003637,0070959,Don Federigo Funelli
0003637,0016697,Raffaele
0003639,0330273,Stanton Thornton
0003639,0607074,Dayton Thornton
0003639,0552765,Colonel Kerr
0003643,0073239,
0003643,0910400,The Nephew
0003643,0014894,The Uncle
0003643,0797094,The Italian
0003643,0507635,The Detective
0003643,0366008,The Grocery Boy
0003651,0079813,Gregoire
0003651,1267460,Baron Plessen
0003655,0047333,George Washington Phipps
0003655,0867469,Lawrence Westbrook
0003655,0908390,John Strebelow
0003655,0819793,Count de Carojac
0003655,0047534,Harold Routledge
0003657,0294058,Bartender
0003657,0366586,Jim Stokes
0003657,0121706,Sheriff Bud Walsh
0003657,0792727,Phil Brent
0003657,0235848,Rev. Joshua Wilkes
0003663,0276165,Colonel Furioso
0003664,0124279,Arthur Chandler
0003664,0392015,John Wells
0003664,0173875,Ezra Chandler
0003664,0242349,Jack Sanford
0003664,0925118,Kirby
0003665,0493073,
0003665,0187981,Frank Andrews
0003665,0366008,John Andrews - the Son
0003665,0601698,Cleos Lover
0003668,0633860,
0003668,0421104,Al Jennings
0003668,0287854,Frank Jennings - Als Brother
0003668,0268437,
0003668,0296433,
0003669,1090737,báró Káró Félix
0003669,0956428,Wesekövy Napoleon
0003669,0351333,Kalotay riporter
0003669,8625691,János inas
0003669,0270485,Ipay alezredes
0003669,0844227,
0003670,0456804,Steve Hunter
0003670,0792514,Teddy Harrington
0003670,0060238,Joe Canby
0003672,0330384,Philip Calthorpe
0003672,0939702,Robert St. Omar
0003672,0461524,Renard Duval
0003675,0572310,
0003675,0424530,Lord Cecil
0003675,0593392,
0003675,0355662,
0003676,0292407,Prince Cyril Rubetskoi
0003677,0861696,Bishop
0003677,0183866,Rev. Mark Stebbing
0003677,0393818,Rev. Lionel Barmore
0003677,0110838,Henry Wharton
0003677,0709718,Penrod
0003677,0377855,Clancy
0003677,0389510,Spike
0003685,0470179,Wholesaler Sørensen
0003685,0234670,
0003685,0804632,Stephan
0003686,0166958,General Lambert retired
0003686,0116643,Lt. Jack Lambert their son
0003686,0679043,Captain Doane
0003686,0922396,Jaubert a Boer general
0003689,0101071,Jeff Marsh
0003689,0527801,George Dunbar
0003689,0585503,Dr. Morrow
0003689,0728289,Theatrical Manager
0003689,0399988,Butler
0003692,0074063,The Clerk
0003692,0047534,Big Bill
0003692,0139714,Pablo
0003692,0829381,James Maxwell
0003698,0008518,Robert BrewsterMonty Brewster
0003698,0802309,Edwin Peter Brewster
0003698,0213049,Jonas Sedgwick
0003724,2331511,Toms Horse
0003724,0594291,Tom Mingle
0003724,0643048,Chief Swift Wing
0003724,0101071,Dick Madison
0003730,0179163,DanversRaffles
0003730,0292407,Butler
0003730,0718445,Hadley Stone
0003730,0147692,Rev. John Banfield
0003731,0098376,Elam Harnish aka Burning Daylight
0003731,0370746,Elijah
0003731,0166730,Charley Bates
0003731,0176699,Joe Hines
0003732,0098376,Elam Harnish Burning Daylight
0003735,9892419,
0003735,0049279,Bánk bán
0003735,0075509,Solom mester
0003735,1095994,Harcos
0003736,0242800,Wallie Walton
0003736,0003193,C.O. Darlington
0003736,0533000,C.O. Drudge
0003736,0113224,C.O. Dusenberry
0003736,0119906,Willie Willing
0003738,0246445,
0003740,0656034,Maciste - Axillas Slave
0003743,0114307,Me-en-gan
0003743,0249187,Ned & Graehme Stewart
0003743,0731623,Galen Albert
0003743,0139356,Rand
0003744,0712660,Gilbert Vaughan
0003744,0286594,Anthony March
0003744,0941782,Dr. Manuel Ceneri
0003744,0704026,Signor Macari
0003746,0140054,
0003746,0243918,
0003746,0301787,
0003746,0422930,
0003746,0679170,
0003746,0744686,
0003747,0611913,Tom Randall
0003747,0267914,Cameo Kirby
0003747,0624735,John Randall
0003747,0598767,Colonel Moreau
0003748,0496470,Don Arana - the Foreign Minister
0003748,0853336,Robert W. Wainwright AKA Captain Alvarez
0003748,0822481,Rosas - President of Argentina
0003748,0392429,Tirzo AKA Del Caprio - the Spy
0003752,0908390,Captain Swift
0003752,0207764,George Gardner Harrys friend
0003752,0867469,Marshall Seabrooks butler
0003752,0028658,James Seabrook
0003752,0819793,Harry Seabrook his son
0003752,0641498,Michael Ryan Queenstown detective
0003756,0190516,Cardinal Richelieu
0003756,0287854,Chevalier Adrien de Mauprat
0003756,0304236,François
0003756,0055661,Huguet
0003756,0061746,Joseph
0003761,0587754,Lazare
0003761,0177700,Jean Renaud
0003761,0741450,Adriennes Father
0003763,0560785,Marat
0003763,0341512,Danton
0003763,0595306,Barbaroux
0003765,0176699,Smoke Bellew
0003765,0712870,Shorty
0003765,0755331,Big Olof
0003768,0855912,Trotty Veck
0003768,0376079,Alderman Cute
0003768,0367469,William Fern
0003768,0386863,Richard
0003768,0900330,Sir Joseph Bowley
0003771,0636132,Lord Robert Ure
0003771,0355510,Francis Horatio Drake
0003772,0532996,Undetermined Role
0003772,0601698,Prince Charming
0003772,0174485,The King
0003774,0382730,Artful Dick Cronk
0003774,0731623,Thomas Braddock
0003774,0925689,Frank Jenison
0003774,0611913,David Jenison
0003774,0369058,Ernie Cronk
0003779,1649723,
0003779,0442180,Roger
0003790,0450107,Charles Maylor
0003790,0187868,The Vulture
0003790,0011151,Frank Norman
0003790,0344029,Miron Mendel
0003790,0680887,John Scanlon
0003792,0256221,Winthrop Clavering
0003792,0516974,Jack Howell
0003798,0098376,Billy Bladerson
0003798,0824331,George Marshall
0003799,0516974,Tillford Wheeler
0003799,0033446,The Honorable Jim Hackler
0003799,0842045,Sassafras Livingston
0003799,0516166,Elias Rigby
0003802,0117291,Francis W. Seeman
0003802,0853336,Roger Neville
0003802,0318516,Thomas Mills
0003804,0516974,Craig Atwood
0003807,0148546,
0003807,0246414,
0003807,0260952,Child
0003807,0347565,
0003815,0071992,George Dupont
0003816,0941782,Damon
0003816,0712660,Pythias
0003817,0174720,Jonas Watts
0003817,0230020,Dan
0003817,0717281,Col. Dabney
0003817,0184782,Raoul Dabney
0003817,0279227,John Hammond
0003820,0840178,The King of Bavarre
0003820,1583901,The Prime Minister
0003820,0485770,Giles the Prime Ministers Secretary
0003822,0034454,
0003822,0148546,
0003822,0320817,
0003822,0704158,
0003825,0068213,Matthew Crosby
0003825,0241867,Louis Stolbeck
0003825,0338824,Reginald Crosby
0003830,0138272,Detective Craig
0003830,0822060,Bob Brierly
0003830,0035187,James Dalton
0003830,0123679,Banker Gibson
0003832,0097421,
0003836,0097421,
0003838,0311375,Lt. Dubois
0003838,0909825,The Adopted Son
0003838,0071758,Bel Khan - Son of Achmed
0003838,0167144,Sheik Achmed
0003840,0780869,Doc
0003840,0098310,Bill Travers
0003840,0149477,Eastman
0003854,0108653,Dawson
0003854,0823633,Steve Braddock
0003854,0337083,Slim Grayson
0003854,0382954,Kenyon Phillips
0003854,0421041,Rawhide
0003856,0909492,Valance Chandler
0003856,0913094,James Jim Gresham
0003856,0562805,Carson Baylis
0003856,0741852,Andrew Martin
0003856,0354925,Jim